--
-- PostgreSQL database dump
--

\restrict qLFiQmg6UGV1KV3DBO5ayfEOVhsWfm334JHP5eX4xdaiY11fzaS9SAgdfemmQzV

-- Dumped from database version 18.0
-- Dumped by pg_dump version 18.0

-- Started on 2026-07-10 11:20:35

SET statement_timeout = 0;
SET lock_timeout = 0;
SET idle_in_transaction_session_timeout = 0;
SET transaction_timeout = 0;
SET client_encoding = 'UTF8';
SET standard_conforming_strings = on;
SELECT pg_catalog.set_config('search_path', '', false);
SET check_function_bodies = false;
SET xmloption = content;
SET client_min_messages = warning;
SET row_security = off;

SET default_tablespace = '';

SET default_table_access_method = heap;

--
-- TOC entry 219 (class 1259 OID 42857)
-- Name: campanias; Type: TABLE; Schema: public; Owner: postgres
--

CREATE TABLE public.campanias (
    id bigint NOT NULL,
    activa boolean,
    descripcion character varying(500),
    fecha_creacion timestamp(6) without time zone,
    fecha_fin timestamp(6) without time zone,
    meta_recaudacion double precision NOT NULL,
    nombre character varying(150) NOT NULL,
    recaudado_actual double precision
);


ALTER TABLE public.campanias OWNER TO postgres;

--
-- TOC entry 220 (class 1259 OID 42865)
-- Name: campanias_id_seq; Type: SEQUENCE; Schema: public; Owner: postgres
--

ALTER TABLE public.campanias ALTER COLUMN id ADD GENERATED BY DEFAULT AS IDENTITY (
    SEQUENCE NAME public.campanias_id_seq
    START WITH 1
    INCREMENT BY 1
    NO MINVALUE
    NO MAXVALUE
    CACHE 1
);


--
-- TOC entry 221 (class 1259 OID 42866)
-- Name: donaciones; Type: TABLE; Schema: public; Owner: postgres
--

CREATE TABLE public.donaciones (
    id bigint NOT NULL,
    campania_id bigint,
    donador_id bigint NOT NULL,
    estado character varying(20),
    fecha_donacion timestamp(6) without time zone,
    monto double precision NOT NULL,
    tipo character varying(20) NOT NULL
);


ALTER TABLE public.donaciones OWNER TO postgres;

--
-- TOC entry 222 (class 1259 OID 42873)
-- Name: donaciones_id_seq; Type: SEQUENCE; Schema: public; Owner: postgres
--

ALTER TABLE public.donaciones ALTER COLUMN id ADD GENERATED BY DEFAULT AS IDENTITY (
    SEQUENCE NAME public.donaciones_id_seq
    START WITH 1
    INCREMENT BY 1
    NO MINVALUE
    NO MAXVALUE
    CACHE 1
);


--
-- TOC entry 223 (class 1259 OID 42874)
-- Name: donadores; Type: TABLE; Schema: public; Owner: postgres
--

CREATE TABLE public.donadores (
    id bigint NOT NULL,
    email character varying(100) NOT NULL,
    nombre character varying(100) NOT NULL,
    contrasenia character varying(20),
    reset_token character varying(255),
    token_expiry_date timestamp without time zone,
    rol character varying(20) DEFAULT 'USER'::character varying NOT NULL
);


ALTER TABLE public.donadores OWNER TO postgres;

--
-- TOC entry 224 (class 1259 OID 42880)
-- Name: donadores_id_seq; Type: SEQUENCE; Schema: public; Owner: postgres
--

ALTER TABLE public.donadores ALTER COLUMN id ADD GENERATED BY DEFAULT AS IDENTITY (
    SEQUENCE NAME public.donadores_id_seq
    START WITH 1
    INCREMENT BY 1
    NO MINVALUE
    NO MAXVALUE
    CACHE 1
);


--
-- TOC entry 5023 (class 0 OID 42857)
-- Dependencies: 219
-- Data for Name: campanias; Type: TABLE DATA; Schema: public; Owner: postgres
--

COPY public.campanias (id, activa, descripcion, fecha_creacion, fecha_fin, meta_recaudacion, nombre, recaudado_actual) FROM stdin;
1	t	Recolecta necesaria de fondos para la realización de una olla comun para familias necesitadas	2026-07-10 10:37:00.1631	2026-07-11 00:00:00	5000	Recolecta de fondos para hacer una olla comun	900
2	t	Fondos necesarios para victimas de un incendio	2026-07-10 10:55:17.524085	2026-07-11 00:00:00	1000	Fondos para ropa	1050
\.


--
-- TOC entry 5025 (class 0 OID 42866)
-- Dependencies: 221
-- Data for Name: donaciones; Type: TABLE DATA; Schema: public; Owner: postgres
--

COPY public.donaciones (id, campania_id, donador_id, estado, fecha_donacion, monto, tipo) FROM stdin;
1	1	4	PENDIENTE	2026-05-13 11:29:11.311338	100	Una vez
2	1	3	PENDIENTE	2026-05-13 12:48:34.244301	300	Una vez
3	1	3	PENDIENTE	2026-05-13 14:21:31.499569	200	Una vez
4	1	5	PENDIENTE	2026-05-14 11:01:41.556733	100	Una vez
5	1	6	PENDIENTE	2026-06-03 22:42:09.757348	300	Una vez
6	1	3	PENDIENTE	2026-06-09 23:18:17.15141	100	Una vez
7	1	8	PENDIENTE	2026-06-10 11:49:16.919324	200	Mensual
8	1	7	PENDIENTE	2026-06-10 14:23:45.333	300	Una vez
9	1	9	PENDIENTE	2026-06-10 21:58:13.457472	200	Mensual
10	1	9	PENDIENTE	2026-06-10 21:58:23.554696	200	Una vez
11	1	11	PENDIENTE	2026-06-10 22:07:01.198084	300	Una vez
12	1	11	PENDIENTE	2026-06-23 20:40:34.419216	300	Una vez
13	1	11	PENDIENTE	2026-06-23 20:40:41.654844	300	Mensual
14	1	11	PENDIENTE	2026-07-10 10:37:09.883736	300	Una vez
15	1	11	PENDIENTE	2026-07-10 10:39:08.99205	100	Una vez
16	1	11	PENDIENTE	2026-07-10 10:39:22.673658	200	Una vez
17	1	11	PENDIENTE	2026-07-10 10:39:28.687685	50	Una vez
18	1	11	PENDIENTE	2026-07-10 10:41:54.568368	100	Una vez
19	1	11	PENDIENTE	2026-07-10 10:41:59.010947	100	Una vez
20	1	11	PENDIENTE	2026-07-10 10:45:19.789601	50	Una vez
21	\N	11	PENDIENTE	2026-07-10 10:51:05.369235	200	Una vez
22	2	11	PENDIENTE	2026-07-10 10:55:22.562167	1000	Una vez
23	2	11	PENDIENTE	2026-07-10 10:55:27.665074	50	Una vez
\.


--
-- TOC entry 5027 (class 0 OID 42874)
-- Dependencies: 223
-- Data for Name: donadores; Type: TABLE DATA; Schema: public; Owner: postgres
--

COPY public.donadores (id, email, nombre, contrasenia, reset_token, token_expiry_date, rol) FROM stdin;
1	juan@mail.com	Juan	123	\N	\N	USER
2	juan@gmail.com	Juan Perez	123456	\N	\N	USER
4	Aren20@gmail.com	Aren	12345A	\N	\N	USER
5	Marcos2026@gmail.com	Marcos Guevara	Marcos0102	\N	\N	USER
6	Luis2026@gmail.com	Luis	Luis2026	\N	\N	USER
8	scorpiorojo04@gmail.com	Esteban	Esteban123	b30580c2-81b8-4ea1-b554-2c0bf1753436	2026-06-10 12:44:12.648015	USER
7	aren200501@gmail.com	Aren	1234567890	\N	\N	USER
10	joel@gmail.com	Joel Simon	joel123	\N	\N	USER
11	pablos.taya@gmail.com	Joel Simon	joel12	\N	\N	USER
3	Meca123@gmail.com	Diego Meca	12345678	\N	\N	ADMIN
12	admin@gmail.com	Admin General	admin123	\N	\N	ADMIN
\.


--
-- TOC entry 5034 (class 0 OID 0)
-- Dependencies: 220
-- Name: campanias_id_seq; Type: SEQUENCE SET; Schema: public; Owner: postgres
--

SELECT pg_catalog.setval('public.campanias_id_seq', 2, true);


--
-- TOC entry 5035 (class 0 OID 0)
-- Dependencies: 222
-- Name: donaciones_id_seq; Type: SEQUENCE SET; Schema: public; Owner: postgres
--

SELECT pg_catalog.setval('public.donaciones_id_seq', 23, true);


--
-- TOC entry 5036 (class 0 OID 0)
-- Dependencies: 224
-- Name: donadores_id_seq; Type: SEQUENCE SET; Schema: public; Owner: postgres
--

SELECT pg_catalog.setval('public.donadores_id_seq', 12, true);


--
-- TOC entry 4868 (class 2606 OID 42882)
-- Name: campanias campanias_pkey; Type: CONSTRAINT; Schema: public; Owner: postgres
--

ALTER TABLE ONLY public.campanias
    ADD CONSTRAINT campanias_pkey PRIMARY KEY (id);


--
-- TOC entry 4870 (class 2606 OID 42884)
-- Name: donaciones donaciones_pkey; Type: CONSTRAINT; Schema: public; Owner: postgres
--

ALTER TABLE ONLY public.donaciones
    ADD CONSTRAINT donaciones_pkey PRIMARY KEY (id);


--
-- TOC entry 4872 (class 2606 OID 42886)
-- Name: donadores donadores_pkey; Type: CONSTRAINT; Schema: public; Owner: postgres
--

ALTER TABLE ONLY public.donadores
    ADD CONSTRAINT donadores_pkey PRIMARY KEY (id);


--
-- TOC entry 4874 (class 2606 OID 42888)
-- Name: donadores uknqh78btfri7ktwoj2nola0rew; Type: CONSTRAINT; Schema: public; Owner: postgres
--

ALTER TABLE ONLY public.donadores
    ADD CONSTRAINT uknqh78btfri7ktwoj2nola0rew UNIQUE (email);


--
-- TOC entry 4875 (class 2606 OID 42889)
-- Name: donaciones fkqvvbqnf5m23394q31uxvimvcj; Type: FK CONSTRAINT; Schema: public; Owner: postgres
--

ALTER TABLE ONLY public.donaciones
    ADD CONSTRAINT fkqvvbqnf5m23394q31uxvimvcj FOREIGN KEY (campania_id) REFERENCES public.campanias(id);


-- Completed on 2026-07-10 11:20:36

--
-- PostgreSQL database dump complete
--

\unrestrict qLFiQmg6UGV1KV3DBO5ayfEOVhsWfm334JHP5eX4xdaiY11fzaS9SAgdfemmQzV

